technology,avg_score,total_completed,total_interns
NumPy,91.33196791261308,218.0,28
PySpark,73.20925925925927,0.0,27
Python,69.07190445487299,112.0,39
SQL,60.88297081844194,87.0,39
