technology,avg_score,total_completed,total_interns
NumPy,66.200125,224,40
PySpark,62.291250000000005,0,40
Python,69.07115384615385,112,39
SQL,65.8024358974359,87,39
